step,d_loss,g_loss,r1,d_real,d_fake,d_train_clean,d_validate_clean,seconds_per_step
100,1.493180513381958,1.359858512878418,0.0035442407242953777,0.423159658908844,-0.3755531907081604,0.2547280192375183,0.24086377024650574,0.2447705171816051
200,1.3616142272949219,0.8305397629737854,0.0012036864645779133,0.036081019788980484,-0.18484313786029816,-0.13944710791110992,-0.14006944000720978,0.1358817353611812
300,1.3712044954299927,0.7264816761016846,0.0007024568622000515,0.026883866637945175,-0.036487046629190445,0.07503923773765564,0.07837128639221191,0.1362839879421517
400,1.3756846189498901,0.7408216595649719,0.0010193579364567995,0.011712840758264065,-0.05132436007261276,-0.12940171360969543,-0.13245974481105804,0.13646921542938797
500,1.3809086084365845,0.7141261696815491,0.0003531076945364475,-0.00426254840567708,-0.027412449941039085,0.002195573877543211,0.0016250328626483679,0.1367026927601546
600,1.3822479248046875,0.6989865899085999,0.0002778085763566196,0.03739069774746895,0.011886711232364178,-0.0687723457813263,-0.06700710952281952,0.1368208097293973
700,1.384851098060608,0.701431155204773,3.192914664396085e-05,-0.0011331146815791726,-0.005937584675848484,-0.0677359327673912,-0.06823769956827164,0.1369493952812627
800,1.3856048583984375,0.6967613101005554,2.7932544981013052e-05,-0.000648473622277379,-0.002995138056576252,-0.0030719293281435966,-0.00418452825397253,0.13717639222741126
900,1.385610818862915,0.6994049549102783,3.812926297541708e-05,0.00024202147324103862,-0.0025644791312515736,0.05140611529350281,0.05762933939695358,0.13716859242878854
1000,2.885179042816162,1.0249472856521606,0.02162265032529831,0.7040510177612305,0.8248944878578186,0.4705721437931061,0.47232985496520996,0.13729459064081312
1100,1.3831018209457397,1.0371419191360474,0.0077289086766541,0.18977798521518707,-0.23360034823417664,0.21407990157604218,0.21752363443374634,0.1372815711516887
1200,1.3119213581085205,0.8212569952011108,0.013584240339696407,0.20053744316101074,-0.14684903621673584,0.1754586398601532,0.17861635982990265,0.1373855697317049
1300,1.370829701423645,0.7457640767097473,0.004561105743050575,0.03896808251738548,-0.04714556410908699,0.009804852306842804,0.013416994363069534,0.13743677182123065
1400,1.372266173362732,0.7544395327568054,0.003428650787100196,0.03428848832845688,-0.03596816956996918,0.037114571779966354,0.036184027791023254,0.13751024959143252
1500,1.3653643131256104,0.7753625512123108,0.0041283597238361835,0.051410190761089325,-0.050051722675561905,0.29779931902885437,0.3018397092819214,0.1374855510517955
1600,1.3644680976867676,0.7835372090339661,0.004816862754523754,0.08054342120885849,-0.035099372267723083,-0.027932828292250633,-0.025880392640829086,0.13753974126186222
1700,1.3545935153961182,0.8119083046913147,0.006525375880300999,0.09438949078321457,-0.06619559228420258,0.34904593229293823,0.35751381516456604,0.13752596305217593
1800,1.3583849668502808,0.7843812108039856,0.0058901081793010235,0.06698016077280045,-0.06380535662174225,0.02913013845682144,0.034447699785232544,0.1375631367508322
1900,1.3677505254745483,0.7484117746353149,0.003677118569612503,0.04323441907763481,-0.038182154297828674,-0.19932787120342255,-0.19826582074165344,0.1375193401891738
2000,1.3711210489273071,0.7474409937858582,0.00313236890360713,0.029603848233819008,-0.040104325860738754,0.0582350492477417,0.06082645803689957,0.13757909927982837
2100,1.3735318183898926,0.7388408780097961,0.0025652162730693817,0.03120402805507183,-0.026826556771993637,0.3854650557041168,0.39434435963630676,0.13779728789813817
2200,1.3736538887023926,0.7437182664871216,0.0027230377309024334,0.03057505376636982,-0.030047504231333733,0.1407739818096161,0.1407921314239502,0.1373403820488602
2300,1.3734394311904907,0.7434649467468262,0.0027098297141492367,0.03581942617893219,-0.024089565500617027,-0.11605875939130783,-0.11551091820001602,0.13740125532727687
2400,1.374876856803894,0.7381733059883118,0.0023750890977680683,0.029469747096300125,-0.022996949031949043,0.09260398894548416,0.10112399607896805,0.13742529474198817
2500,1.3752262592315674,0.741653323173523,0.0023180830758064985,0.023941656574606895,-0.02714458853006363,0.012654606252908707,0.0052954694256186485,0.13745635624974967
2600,1.375714898109436,0.734147846698761,0.0021965301129966974,0.025633109733462334,-0.021335477009415627,0.140337273478508,0.13982665538787842,0.13747681612148882
2700,1.377148151397705,0.7289331555366516,0.0018662471557036042,0.02343171276152134,-0.018126850947737694,-0.08953021466732025,-0.0937298834323883,0.1375516211008653
2800,1.3780726194381714,0.7287615537643433,0.001677459105849266,0.019231297075748444,-0.019079221412539482,-0.02022053487598896,-0.016662834212183952,0.13757770385127516
2900,1.377676248550415,0.7268018126487732,0.0018179700709879398,0.019976040348410606,-0.01881200633943081,0.10168033838272095,0.0967029333114624,0.13758596017025412
3000,1.3783631324768066,0.7246633768081665,0.0016336223343387246,0.019321946427226067,-0.016264602541923523,-0.07589523494243622,-0.08449245989322662,0.13759975823108106
3100,1.3783994913101196,0.723435640335083,0.0016134947072714567,0.019015317782759666,-0.01651986502110958,0.08392716199159622,0.08342412114143372,0.13753197174053639
3200,1.378657341003418,0.723601222038269,0.001571781118400395,0.019825806841254234,-0.01463811844587326,0.06107195466756821,0.05613241344690323,0.13757079095114022
3300,1.3788142204284668,0.7213698625564575,0.0014835643814876676,0.01963094249367714,-0.013820096850395203,0.13770641386508942,0.1346454918384552,0.137552220528014
3400,1.3800203800201416,0.7205486297607422,0.0013270138297230005,0.013075850903987885,-0.016263581812381744,0.15158522129058838,0.15113510191440582,0.13762819098774343
3500,1.378367304801941,0.7243351340293884,0.00164029689040035,0.018323883414268494,-0.017704874277114868,0.15123148262500763,0.1514997035264969,0.1376336549827829
3600,1.37760329246521,0.7237018942832947,0.0017451238818466663,0.023688137531280518,-0.015177342109382153,0.07728973031044006,0.0740702673792839,0.13761011539958418
3700,1.3779456615447998,0.7208941578865051,0.0016916660824790597,0.02036385051906109,-0.016650697216391563,0.14697957038879395,0.1459769606590271,0.13755936426110565
3800,1.3781888484954834,0.7224337458610535,0.0016431995900347829,0.02001906745135784,-0.01673499494791031,0.09054501354694366,0.08926676213741302,0.13754474286921323
3900,1.377773404121399,0.7218052744865417,0.0016791810048744082,0.021201826632022858,-0.016234373673796654,-0.05583017319440842,-0.065123550593853,0.13763123601675034
4000,1.377881646156311,0.7227186560630798,0.0016743690939620137,0.019310543313622475,-0.018218839541077614,-0.0927148163318634,-0.0967002660036087,0.13764307086821645
4100,1.3772878646850586,0.7228870987892151,0.001774237141944468,0.022421538829803467,-0.017541084438562393,0.010427254252135754,-0.0020529390312731266,0.13784080437384547
4200,1.3770958185195923,0.72352534532547,0.001839298871345818,0.02399422414600849,-0.01710592396557331,-0.07340452820062637,-0.07812787592411041,0.13738131745252757
4300,1.3761320114135742,0.7232458591461182,0.0019079154590144753,0.025060543790459633,-0.018666330724954605,-0.01045180857181549,-0.02103189006447792,0.13747078812681138
4400,1.3754078149795532,0.7250781059265137,0.002080274745821953,0.02720295637845993,-0.020426135510206223,-0.0017182992305606604,-0.00422631623223424,0.13755330292042345
4500,1.3758230209350586,0.7241519093513489,0.002007721923291683,0.024398552253842354,-0.021545644849538803,-0.024277493357658386,-0.027459874749183655,0.13756574292201548
4600,1.3746410608291626,0.7247157692909241,0.0022608062718063593,0.029228759929537773,-0.02158781699836254,-0.040838152170181274,-0.046208448708057404,0.1375503308791667
4700,1.3746601343154907,0.72413170337677,0.002205444732680917,0.026471737772226334,-0.0237216018140316,0.10622614622116089,0.10045011341571808,0.13757119892630726
4800,1.3747425079345703,0.7235510349273682,0.002175974426791072,0.02942732349038124,-0.019716661423444748,-0.07476526498794556,-0.0791960284113884,0.13761226225178688
4900,1.3744462728500366,0.7242811918258667,0.0022517198231071234,0.0285370871424675,-0.02264389768242836,-0.1406877040863037,-0.15309689939022064,0.13761676121037453
5000,1.374354362487793,0.7237041592597961,0.0022278300020843744,0.029108166694641113,-0.02231665328145027,-0.07381266355514526,-0.08612242341041565,0.13762031259015203
5100,1.3734949827194214,0.7256572842597961,0.0024187813978642225,0.02886086329817772,-0.026090310886502266,0.02055107243359089,0.007982810027897358,0.13755108770914376
5200,1.3731434345245361,0.7256454825401306,0.0024799848906695843,0.03144701197743416,-0.024646257981657982,-0.03045881912112236,-0.04650174453854561,0.1376041454821825
5300,1.373392105102539,0.7255339026451111,0.0024590406101197004,0.030378006398677826,-0.02465180866420269,-0.10234551131725311,-0.11515496671199799,0.13757135603111237
5400,1.3733359575271606,0.7232935428619385,0.002406543120741844,0.029036056250333786,-0.02619272843003273,0.11995728313922882,0.09175149351358414,0.13767253699712456
5500,1.3731275796890259,0.7254078984260559,0.002509244717657566,0.03205747902393341,-0.024461058899760246,-0.04059002920985222,-0.06316982209682465,0.13758323756977917
5600,1.3729352951049805,0.7245461940765381,0.002516204956918955,0.029927335679531097,-0.026894237846136093,0.13523826003074646,0.12062502652406693,0.13764449146110563
5700,1.3724159002304077,0.725357174873352,0.002559067914262414,0.03319389000535011,-0.02566755935549736,0.07055775821208954,0.04682092368602753,0.13760908206924796
5800,1.3723422288894653,0.7258599400520325,0.002678925869986415,0.03394628316164017,-0.025955982506275177,-0.06709232926368713,-0.08798439055681229,0.1377029817411676
5900,1.3719935417175293,0.7259711027145386,0.002672656672075391,0.03271786868572235,-0.028072761371731758,-0.03914209455251694,-0.06074978783726692,0.13764470716007055
6000,1.3721880912780762,0.7249361276626587,0.0026312018744647503,0.03373653441667557,-0.026724057272076607,-0.0863315612077713,-0.10283545404672623,0.1376164307864383
6100,1.3710906505584717,0.7267614603042603,0.00285061402246356,0.03458855673670769,-0.02985556609928608,0.028274446725845337,0.004383456893265247,0.13808406308293342
6200,1.3709863424301147,0.7265549302101135,0.0028806121554225683,0.0365256741642952,-0.028783386573195457,0.16755099594593048,0.13178513944149017,0.13728835072834045
6300,1.3701812028884888,0.7290852069854736,0.0029905522242188454,0.03848320245742798,-0.030122047290205956,-0.12399967759847641,-0.14355315268039703,0.13743420822080224
6400,1.3695447444915771,0.7289421558380127,0.003075405489653349,0.03727041929960251,-0.033431120216846466,-0.015190141275525093,-0.04464824125170708,0.13747048885095864
6500,1.3694095611572266,0.7292123436927795,0.003133192891255021,0.03818551450967789,-0.033882491290569305,0.09932124614715576,0.07147954404354095,0.13751354067586363
6600,1.3682658672332764,0.7302807569503784,0.0033156671561300755,0.04237866774201393,-0.03397394344210625,0.12255001813173294,0.0833711326122284,0.13750811283010989
6700,1.3677947521209717,0.7322646379470825,0.0034630426671355963,0.04212456941604614,-0.03638894483447075,0.16231141984462738,0.12604889273643494,0.13755435823928563
6800,1.3672430515289307,0.730673611164093,0.003458889899775386,0.04492494463920593,-0.0352943055331707,0.12777838110923767,0.09257011115550995,0.13757259072735906
6900,1.3668813705444336,0.7336726784706116,0.003638789290562272,0.04491147771477699,-0.03755776956677437,0.1107364296913147,0.07110954821109772,0.13759810726623983
7000,1.365804672241211,0.7344673871994019,0.0037734678480774164,0.04618973284959793,-0.04095346853137016,0.13683317601680756,0.08536481857299805,0.1376425546593964
7100,1.3653782606124878,0.7354698777198792,0.003853145521134138,0.04814796894788742,-0.040243443101644516,0.16457372903823853,0.1285376250743866,0.13755826774984597
7200,1.363984227180481,0.7372922301292419,0.004029210191220045,0.05174032598733902,-0.041615214198827744,-0.061323314905166626,-0.10700284689664841,0.13762492300011217
7300,1.3641752004623413,0.7357773184776306,0.0040612793527543545,0.049427904188632965,-0.0441373810172081,0.15853658318519592,0.11374658346176147,0.13764540133066475
7400,1.363065481185913,0.738035261631012,0.004273769911378622,0.052141256630420685,-0.04588622972369194,0.2315167784690857,0.18122650682926178,0.13765906498301775
7500,1.3631516695022583,0.7386641502380371,0.004233095329254866,0.054996199905872345,-0.04279933497309685,-0.11311132460832596,-0.17472797632217407,0.1376539989700541
7600,1.3627352714538574,0.7400562763214111,0.0043890816159546375,0.05241980403661728,-0.0474654957652092,0.11145027726888657,0.05759279429912567,0.13765067051164806
7700,1.3613842725753784,0.7403810024261475,0.004514331929385662,0.05506424233317375,-0.04915529116988182,0.23067310452461243,0.16200226545333862,0.13769504820927977
7800,1.3605947494506836,0.7410034537315369,0.004608527757227421,0.059152647852897644,-0.04933557286858559,0.15453223884105682,0.09029270708560944,0.1376853134157136
7900,1.3589054346084595,0.7439079284667969,0.004883389454334974,0.0609353668987751,-0.053923726081848145,0.22804772853851318,0.1746610403060913,0.13767649654299022
8000,1.3588253259658813,0.7450202107429504,0.005019524600356817,0.0628458708524704,-0.05318054184317589,0.149644136428833,0.06907868385314941,0.1376503448979929
8100,1.357505202293396,0.7451294660568237,0.005182092543691397,0.06521260738372803,-0.0558583065867424,0.010260810144245625,-0.0810118019580841,0.1377672574063763
8200,1.3574120998382568,0.747319221496582,0.005252630449831486,0.06382591277360916,-0.05756165832281113,-0.03123217262327671,-0.11773710697889328,0.1373841580329463
8300,1.356057047843933,0.7482143044471741,0.005491991993039846,0.06846729665994644,-0.05876993387937546,-0.08410367369651794,-0.16437982022762299,0.13741692835930736
8400,1.354917287826538,0.7481220364570618,0.005616290494799614,0.07080689072608948,-0.06085743382573128,-0.04597504436969757,-0.13015423715114594,0.13744596148841082
8500,1.3544001579284668,0.7488436102867126,0.005693506449460983,0.06951625645160675,-0.06318948417901993,-0.08000213652849197,-0.1687416434288025,0.1374722818378359
8600,1.3552634716033936,0.748845636844635,0.005555068142712116,0.06864375621080399,-0.06440553814172745,0.146939218044281,0.059233780950307846,0.13753684092778712
8700,1.3524082899093628,0.7531830668449402,0.0061317565850913525,0.07536602020263672,-0.06647647172212601,0.23127712309360504,0.13940873742103577,0.13753630883060397
8800,1.352156639099121,0.7530785799026489,0.006126039661467075,0.07598376274108887,-0.06694295257329941,0.18656960129737854,0.08341209590435028,0.13758233136031778
8900,1.3511511087417603,0.7536483407020569,0.00622966792434454,0.07782142609357834,-0.06913634389638901,0.2153114676475525,0.1266341656446457,0.1375134503468871
9000,1.3498525619506836,0.754696786403656,0.006443940103054047,0.08081535249948502,-0.07075950503349304,0.21760493516921997,0.11757058650255203,0.13751891472376884
9100,1.3493506908416748,0.7565379738807678,0.006549264770001173,0.08189655840396881,-0.07298693805932999,0.266387403011322,0.15053513646125793,0.13746603698004037
9200,1.3485163450241089,0.7581872344017029,0.006726795341819525,0.08361057192087173,-0.07492907345294952,0.24534951150417328,0.1276683807373047,0.1375359559012577
9300,1.3469692468643188,0.7596470713615417,0.006914963945746422,0.08694633096456528,-0.07717624306678772,0.27411413192749023,0.17372044920921326,0.1375490985112265
9400,1.346765398979187,0.7624150514602661,0.007091192528605461,0.08880393952131271,-0.07724541425704956,-0.015318399295210838,-0.14050886034965515,0.1375205214926973
9500,1.3450744152069092,0.7616759538650513,0.007166347466409206,0.09035581350326538,-0.08132866024971008,-0.05748804658651352,-0.1886608749628067,0.13753571895416827
9600,1.3442940711975098,0.7630409002304077,0.007432944606989622,0.09243825823068619,-0.08305191993713379,-0.036156315356492996,-0.17346903681755066,0.13754030687734484
9700,1.3436254262924194,0.7641997337341309,0.0074609266594052315,0.09345710277557373,-0.08517077565193176,-0.0305238738656044,-0.15550433099269867,0.13751188484951854
9800,1.3415333032608032,0.7666850686073303,0.007813324220478535,0.09829739481210709,-0.08761495351791382,-0.03597575053572655,-0.1780308037996292,0.13756710866931826
9900,1.3404583930969238,0.7688428163528442,0.008019959554076195,0.10066305845975876,-0.0914696455001831,-0.05360741168260574,-0.17420929670333862,0.13761221977882088
10000,1.3401572704315186,0.7689542174339294,0.008093480952084064,0.10077158361673355,-0.09257009625434875,-0.07240121811628342,-0.20873324573040009,0.13756147985812275
10100,1.3391005992889404,0.7681636810302734,0.008299433626234531,0.10107699781656265,-0.09563232958316803,0.30384793877601624,0.1397363841533661,0.13792878915090115
10200,1.3385387659072876,0.7705969214439392,0.00831529963761568,0.10489855706691742,-0.0948970690369606,0.19274373352527618,0.07191792875528336,0.1373220050567761
10300,1.3369152545928955,0.7737560272216797,0.008603144437074661,0.10664233565330505,-0.09955266118049622,0.3356654644012451,0.180181086063385,0.13736598380841314
10400,1.3367092609405518,0.7715914845466614,0.00863306038081646,0.10913220047950745,-0.09789536148309708,0.2503454089164734,0.11358285695314407,0.13741528528742492
10500,1.3349708318710327,0.7752718329429626,0.00877511128783226,0.11147363483905792,-0.10189032554626465,0.2819870710372925,0.09692676365375519,0.13749796336051076
10600,1.3328160047531128,0.7797105312347412,0.009173840284347534,0.11778893321752548,-0.10504959523677826,-0.06538256257772446,-0.24095383286476135,0.13746457896661013
10700,1.3355693817138672,0.7769255042076111,0.008526855148375034,0.10659364610910416,-0.10752231627702713,-0.06355592608451843,-0.25747019052505493,0.13748976428993046
10800,1.330495834350586,0.7807992100715637,0.009794728830456734,0.12102416902780533,-0.11190410703420639,0.22182154655456543,0.03213925659656525,0.13747356893960386
10900,1.3286759853363037,0.7821611762046814,0.009812160395085812,0.1251237988471985,-0.11390270292758942,0.16630491614341736,-0.03638552129268646,0.13758211677893997
11000,1.3290613889694214,0.783032238483429,0.009940430521965027,0.12341427803039551,-0.11481790989637375,0.26720041036605835,0.07457636296749115,0.13751119381282478
11100,1.3289538621902466,0.7837864756584167,0.009766025468707085,0.12344609200954437,-0.11576772481203079,0.23783323168754578,0.028589487075805664,0.13746692347805947
11200,1.327677845954895,0.7867544293403625,0.00982995517551899,0.12745468318462372,-0.11775239557027817,-0.05794995650649071,-0.2717229425907135,0.13762702591717244
11300,1.3231533765792847,0.7895643711090088,0.010785605758428574,0.13524265587329865,-0.1266276240348816,0.07628491520881653,-0.12966522574424744,0.1375797106605023
11400,1.323675513267517,0.7892458438873291,0.010637559927999973,0.13671955466270447,-0.12380991876125336,-0.027986805886030197,-0.22379609942436218,0.13760771320667117
11500,1.321791648864746,0.7905461192131042,0.010792020708322525,0.13679228723049164,-0.13132819533348083,0.30373087525367737,0.08805985748767853,0.13763135275803506
11600,1.319944143295288,0.7949074506759644,0.011265064589679241,0.14415815472602844,-0.13000646233558655,-0.18596993386745453,-0.40652915835380554,0.13766511164139955
11700,1.3219982385635376,0.7912107110023499,0.010976575314998627,0.13923609256744385,-0.1305454820394516,-0.008469320833683014,-0.21180009841918945,0.13764327858109027
11800,1.3201028108596802,0.794316291809082,0.011054874397814274,0.14111588895320892,-0.1327882707118988,-0.039320047944784164,-0.2743895351886749,0.13768740523140877
11900,1.31867516040802,0.7955747842788696,0.011446647346019745,0.14567987620830536,-0.1359434723854065,0.014620333909988403,-0.22479884326457977,0.1376155428821221
12000,1.318288803100586,0.7968984842300415,0.011429477483034134,0.14453944563865662,-0.13894382119178772,0.27364659309387207,0.007300753612071276,0.13764074184931815
12100,1.3163834810256958,0.7996136546134949,0.011721931397914886,0.15156309306621552,-0.14006935060024261,-0.02342591993510723,-0.2874254584312439,0.1377024608105421
12200,1.3141467571258545,0.8005287051200867,0.011983966454863548,0.15491868555545807,-0.14378947019577026,-0.00679508363828063,-0.2551708221435547,0.1372945819189772
12300,1.3127572536468506,0.8018497824668884,0.01219904888421297,0.15826991200447083,-0.14662528038024902,-0.035471413284540176,-0.28902721405029297,0.13742719990201294
12400,1.3126857280731201,0.8022313714027405,0.012275371700525284,0.15581190586090088,-0.14962135255336761,0.22952845692634583,-0.06587440520524979,0.13747168294154108
12500,1.3110591173171997,0.8034715056419373,0.012455970980226994,0.16098496317863464,-0.15096397697925568,0.25993236899375916,-0.046852752566337585,0.13748972257133574
12600,1.3097689151763916,0.8053417205810547,0.012736428529024124,0.16478410363197327,-0.15382348001003265,0.2947238087654114,0.008055600337684155,0.13745895120315255
12700,1.3079471588134766,0.8081651926040649,0.013007041066884995,0.16836734116077423,-0.15724560618400574,0.32076340913772583,0.01693369634449482,0.13750533706974238
12800,1.3067673444747925,0.8123791217803955,0.013241667300462723,0.1696436107158661,-0.16004544496536255,0.09804482012987137,-0.19909384846687317,0.13756864229217172
12900,1.307088851928711,0.8096034526824951,0.013147733174264431,0.17129100859165192,-0.1583474725484848,-0.029956888407468796,-0.3096484839916229,0.13762292155995964
13000,1.3050978183746338,0.8123618364334106,0.013458823785185814,0.17252731323242188,-0.16391873359680176,0.23684890568256378,-0.07776828855276108,0.13757057853974403
13100,1.3048444986343384,0.8130412697792053,0.013311049900949001,0.17354120314121246,-0.1664353311061859,0.3743148446083069,0.05470793694257736,0.13740799270570278
13200,1.302348017692566,0.8151226043701172,0.013773659244179726,0.17861707508563995,-0.1679152101278305,0.3696783185005188,0.08236855268478394,0.1375132411206141
13300,1.302966594696045,0.8152877688407898,0.013897963799536228,0.17837493121623993,-0.1680477261543274,0.11647762358188629,-0.22783181071281433,0.13753585424274206
13400,1.300733208656311,0.817176878452301,0.014032145030796528,0.1803194135427475,-0.17303170263767242,0.32743918895721436,-0.0018371068872511387,0.13758237371221185
13500,1.298241138458252,0.8223958611488342,0.014416767284274101,0.18832223117351532,-0.17525073885917664,0.12466895580291748,-0.23439273238182068,0.13757106063887478
13600,1.2986199855804443,0.8230894207954407,0.01435151044279337,0.1872521936893463,-0.1782037317752838,0.013165178708732128,-0.3444783389568329,0.13752073219045996
13700,1.2984789609909058,0.8222076892852783,0.014594764448702335,0.1888439953327179,-0.1776271015405655,0.034755680710077286,-0.2984495759010315,0.1375353811122477
13800,1.2960724830627441,0.8223676085472107,0.01449784729629755,0.1912742555141449,-0.18221524357795715,-0.05365020036697388,-0.40318676829338074,0.13755329408682881
13900,1.2974354028701782,0.8224828839302063,0.01443022582679987,0.1854536235332489,-0.18612143397331238,0.36505967378616333,-0.03222088888287544,0.13762203735299408
14000,1.2923033237457275,0.8281024098396301,0.015044508501887321,0.19990205764770508,-0.18801726400852203,0.034523870795965195,-0.3659648895263672,0.13766586677171289
14100,1.2917578220367432,0.8263871073722839,0.015489757061004639,0.20334097743034363,-0.18759000301361084,-0.05546940490603447,-0.4106460511684418,0.13804655760060996
14200,1.2892974615097046,0.8307981491088867,0.015536732040345669,0.20583097636699677,-0.1960402876138687,0.09652724117040634,-0.27917593717575073,0.13729338027071208
14300,1.2902719974517822,0.8317438364028931,0.015692679211497307,0.20354871451854706,-0.1958014816045761,0.14262425899505615,-0.24874424934387207,0.13729983730241657
14400,1.2938368320465088,0.8275072574615479,0.015003672800958157,0.1960216611623764,-0.1902138888835907,-0.009968677535653114,-0.34950608015060425,0.13736298064235597
14500,1.2906506061553955,0.831114649772644,0.01568242721259594,0.20228096842765808,-0.19366660714149475,0.014033447951078415,-0.3661789298057556,0.13741375897079705
14600,1.2882951498031616,0.8312326073646545,0.015956779941916466,0.20802833139896393,-0.1968473345041275,-0.012026984244585037,-0.3799585700035095,0.13745836827903987
14700,1.2868587970733643,0.8352621793746948,0.015892790630459785,0.20879358053207397,-0.20335282385349274,0.038028039038181305,-0.36544275283813477,0.1374901742907241
14800,1.2868777513504028,0.8341334462165833,0.01607602648437023,0.2117532342672348,-0.20216567814350128,0.08192840218544006,-0.31293004751205444,0.13748989958316088
14900,1.2861781120300293,0.835652232170105,0.016285086050629616,0.2109965682029724,-0.20197558403015137,0.05078890174627304,-0.3991709351539612,0.1374874468613416
15000,1.286847472190857,0.8352738618850708,0.016142088919878006,0.21083076298236847,-0.20459865033626556,0.1378706395626068,-0.31429770588874817,0.1375481293676421
15100,1.2829509973526,0.8398653268814087,0.01655503362417221,0.21859608590602875,-0.20903630554676056,0.06560887396335602,-0.38029366731643677,0.13747891952749342
15200,1.2805674076080322,0.8395677208900452,0.016967199742794037,0.22164270281791687,-0.2159213274717331,0.4779358506202698,0.06440103054046631,0.137507815961726
15300,1.2831683158874512,0.8414820432662964,0.01684224046766758,0.21884438395500183,-0.21178731322288513,0.4621015787124634,0.0354132205247879,0.13754425957798957
15400,1.279175043106079,0.8435097932815552,0.017079178243875504,0.2271908074617386,-0.21619459986686707,0.4349207878112793,0.03388602286577225,0.13755577420815826
15500,1.2765864133834839,0.8473702073097229,0.017599117010831833,0.23441991209983826,-0.21773546934127808,-0.11312633752822876,-0.4754556119441986,0.13756998264230788
15600,1.2782025337219238,0.8444914817810059,0.017375601455569267,0.22700810432434082,-0.22138768434524536,0.46771490573883057,0.06386709213256836,0.1376212450535968
15700,1.2770434617996216,0.8456944823265076,0.017664778977632523,0.2307504564523697,-0.2224167436361313,0.4404318332672119,0.05573850870132446,0.13759544292930515
15800,1.2777796983718872,0.8456271290779114,0.017232408747076988,0.22839011251926422,-0.22300948202610016,0.42574813961982727,-0.06312127411365509,0.13756669476162642
15900,1.27448570728302,0.8462533354759216,0.018035724759101868,0.23655523359775543,-0.22630994021892548,0.5770098567008972,0.13759222626686096,0.13758932141121477
16000,1.2741886377334595,0.8490157127380371,0.017714807763695717,0.2379177063703537,-0.22655010223388672,0.35696327686309814,-0.12515506148338318,0.13762756914831697
16100,1.2718881368637085,0.8510040044784546,0.018410630524158478,0.24291522800922394,-0.23224082589149475,0.5406180024147034,0.1585562378168106,0.13776606731582433
16200,1.2700985670089722,0.8528554439544678,0.018313296139240265,0.24250005185604095,-0.23428727686405182,0.5626418590545654,0.1070738211274147,0.13736615580972283
16300,1.275099277496338,0.8529807925224304,0.01765083335340023,0.23551861941814423,-0.22970998287200928,0.4339905083179474,-0.060779500752687454,0.13740941938944162
16400,1.2699006795883179,0.8552836179733276,0.018596192821860313,0.2474515289068222,-0.23556050658226013,0.033840715885162354,-0.4280717372894287,0.13740869618952276
16500,1.2680572271347046,0.8576699495315552,0.018757766112685204,0.25095194578170776,-0.2391817569732666,-0.05536207929253578,-0.540742039680481,0.13748072273097933
16600,1.2720829248428345,0.8553792238235474,0.018128810450434685,0.23989075422286987,-0.2386988252401352,0.09943532198667526,-0.3896632790565491,0.13756526361685245
16700,1.2657238245010376,0.856699526309967,0.0190987978130579,0.2521877884864807,-0.24471613764762878,0.4720386862754822,0.04892671853303909,0.13760620660614223
16800,1.262576699256897,0.8622693419456482,0.019264526665210724,0.26090073585510254,-0.24755603075027466,0.3999897539615631,-0.06116483733057976,0.13760511355940253
16900,1.265404462814331,0.8629189729690552,0.01928326115012169,0.25773894786834717,-0.2450348436832428,0.02847439795732498,-0.48388993740081787,0.13759716872125863
17000,1.2633429765701294,0.8643696904182434,0.019299758598208427,0.2582617402076721,-0.2523770332336426,0.046801768243312836,-0.44923079013824463,0.1375417657289654
17100,1.2645514011383057,0.8645862936973572,0.01918400079011917,0.2569003105163574,-0.2517085671424866,0.28091296553611755,-0.2548742890357971,0.13743448918685316
17200,1.259952187538147,0.866521954536438,0.020260628312826157,0.2661212980747223,-0.25528526306152344,0.49596482515335083,-0.016514962539076805,0.1375517781591043
17300,1.2638969421386719,0.864625096321106,0.019186342135071754,0.25785309076309204,-0.25177764892578125,0.010190781205892563,-0.504806637763977,0.13753932969644667
17400,1.2581180334091187,0.8662083745002747,0.020198851823806763,0.27292945981025696,-0.2579232156276703,-0.06693211197853088,-0.5094531774520874,0.13754828742705286
17500,1.2617539167404175,0.8675759434700012,0.01919160969555378,0.25803956389427185,-0.26047778129577637,0.4600292444229126,-0.0973869189620018,0.13754464248195292
17600,1.2551363706588745,0.8717170357704163,0.020741529762744904,0.27643489837646484,-0.2640618085861206,0.4947882890701294,-0.04161098599433899,0.13757217785343528
17700,1.274538278579712,0.8506905436515808,0.01735924556851387,0.23628568649291992,-0.23671899735927582,0.5170368552207947,-0.04370776191353798,0.13758253223262729
17800,1.2569341659545898,0.8713211417198181,0.020449578762054443,0.2738971710205078,-0.2599101662635803,0.13890552520751953,-0.3813542127609253,0.13756373157724738
17900,1.252129316329956,0.8731006383895874,0.020891515538096428,0.2801346480846405,-0.2714900076389313,0.4551450312137604,-0.0913224071264267,0.13753479124978185
18000,1.2619949579238892,0.8674830198287964,0.019220521673560143,0.26253700256347656,-0.2587355077266693,0.3606571555137634,-0.10949358344078064,0.1375735486438498
18100,1.2526230812072754,0.8751031160354614,0.02094407007098198,0.2791217863559723,-0.27409884333610535,0.6452263593673706,0.18314823508262634,0.13771010770928116
18200,1.2498232126235962,0.8776317238807678,0.02113012783229351,0.2882034480571747,-0.27514660358428955,0.5664123296737671,0.008954453282058239,0.13722342696040868
18300,1.2550216913223267,0.8759211301803589,0.02056315541267395,0.27453476190567017,-0.2724967896938324,0.5023874640464783,-0.06644830107688904,0.1373824842600152
18400,1.2523407936096191,0.8792572617530823,0.020875470712780952,0.2825833559036255,-0.27746930718421936,0.5421807765960693,-0.05855561047792435,0.13738075931090862
18500,1.2435506582260132,0.8812488913536072,0.022216619923710823,0.2991522252559662,-0.2854444980621338,0.5942651033401489,-0.023848645389080048,0.1374565785890445
18600,1.2527828216552734,0.8788560032844543,0.02067195437848568,0.282701313495636,-0.2758144438266754,0.48210006952285767,-0.10994507372379303,0.13748790720012039
18700,1.2451047897338867,0.8847490549087524,0.021821124479174614,0.29662564396858215,-0.28756746649742126,0.47283995151519775,-0.11685091257095337,0.13750883745029568
18800,1.2731750011444092,0.8595020771026611,0.017301874235272408,0.2384752631187439,-0.24811045825481415,0.49689415097236633,-0.14448927342891693,0.13751892282161862
18900,1.2403911352157593,0.8893972039222717,0.02267421968281269,0.3062283992767334,-0.29076001048088074,0.4366142153739929,-0.16387386620044708,0.13749529588967563
19000,1.2465524673461914,0.8819607496261597,0.021629905328154564,0.2931460440158844,-0.28719159960746765,0.5570601224899292,-0.059381842613220215,0.13761245089117438
19100,1.242506504058838,0.8861411809921265,0.02221558801829815,0.3026464283466339,-0.29063981771469116,0.4484966993331909,-0.1046757623553276,0.1374955826299265
19200,1.2441376447677612,0.8868746161460876,0.021833233535289764,0.2978717088699341,-0.2914285957813263,0.23962059617042542,-0.4437088072299957,0.13759464859962464
19300,1.2442256212234497,0.8873901963233948,0.022127840667963028,0.2992529571056366,-0.29235169291496277,0.19006583094596863,-0.446632981300354,0.13755205649882554
19400,1.2363653182983398,0.8901441693305969,0.02291756123304367,0.3127499222755432,-0.303762823343277,0.5893479585647583,-0.014339223504066467,0.1376048499904573
19500,1.243973970413208,0.8909890055656433,0.021889809519052505,0.30318504571914673,-0.29389864206314087,0.06619711965322495,-0.48910748958587646,0.13758018360007554
19600,1.236755132675171,0.8927057981491089,0.022794775664806366,0.314154714345932,-0.3028124272823334,0.07211898267269135,-0.5411596298217773,0.13755846785847098
19700,1.2348533868789673,0.8964647650718689,0.022855333983898163,0.3181604743003845,-0.3062087893486023,0.16397421061992645,-0.5332062244415283,0.13760950434021652
19800,1.2300822734832764,0.900333821773529,0.023929819464683533,0.3284882605075836,-0.31586402654647827,0.012542326003313065,-0.6217389702796936,0.13756216361187398
19900,1.2362442016601562,0.894549548625946,0.023132504895329475,0.31476858258247375,-0.31037840247154236,0.5933352708816528,-0.025127092376351357,0.1375270179240033
20000,1.2342710494995117,0.9005039930343628,0.023233754560351372,0.32100343704223633,-0.30908823013305664,0.045803338289260864,-0.5524210333824158,0.1376538970693946
20100,1.236806869506836,0.8989981412887573,0.022715946659445763,0.3135332763195038,-0.30963268876075745,0.1610884666442871,-0.4811239242553711,0.13784273873083294
20200,1.2257134914398193,0.9031451940536499,0.02397078275680542,0.33420175313949585,-0.32426413893699646,0.6422194242477417,-0.07420790195465088,0.13725695048924536
20300,1.2264690399169922,0.9026331901550293,0.024375874549150467,0.33564960956573486,-0.3258262872695923,1.2020885944366455,0.8106216788291931,0.13741226816084237
20400,1.250324010848999,0.8885921835899353,0.02059159055352211,0.28901249170303345,-0.28567802906036377,0.0374884307384491,-0.6097931861877441,0.1374785862583667
20500,1.2274754047393799,0.9073889851570129,0.024289455264806747,0.33304092288017273,-0.32264262437820435,0.07687336206436157,-0.5587323904037476,0.13746543663088232
20600,1.2281301021575928,0.9026064872741699,0.023980656638741493,0.32993701100349426,-0.32324913144111633,0.3863297998905182,-0.33532559871673584,0.1374981702910736
20700,1.2304012775421143,0.9038949608802795,0.023687263950705528,0.32844164967536926,-0.32058119773864746,0.6312387585639954,-0.08637135475873947,0.13748773767147213
20800,1.2284588813781738,0.9106066823005676,0.023798571899533272,0.335371732711792,-0.323225736618042,-0.104567751288414,-0.6410000920295715,0.1374773631617427
20900,1.2191877365112305,0.9129642844200134,0.024887215346097946,0.3477131128311157,-0.337116003036499,0.01917974464595318,-0.6486124992370605,0.13749686108902096
21000,1.2338346242904663,0.9037941694259644,0.022802777588367462,0.31931787729263306,-0.32334277033805847,0.6611669063568115,0.027908116579055786,0.1375449126912281
21100,1.218661904335022,0.9156523942947388,0.025039460510015488,0.3508448302745819,-0.33634647727012634,0.5565769672393799,-0.1816730797290802,0.13744871185161173
21200,1.2211979627609253,0.9104829430580139,0.02512066811323166,0.34902021288871765,-0.33280718326568604,0.28311294317245483,-0.5028399229049683,0.13744636964052914
21300,1.225196123123169,0.9105186462402344,0.02403731271624565,0.336637407541275,-0.3353516757488251,-0.01737513393163681,-0.5516811609268188,0.1374812994385138
21400,1.2199828624725342,0.912492036819458,0.02479046769440174,0.34694671630859375,-0.342059850692749,0.5954315662384033,-0.1227952241897583,0.13743415165692568
21500,1.2228896617889404,0.9128836393356323,0.024597227573394775,0.3449147045612335,-0.33343562483787537,0.016359249129891396,-0.5558935403823853,0.13751112073194235
21600,1.2174804210662842,0.9187955856323242,0.025494754314422607,0.35436126589775085,-0.34492015838623047,0.2243342399597168,-0.5442514419555664,0.1374599918583408
21700,1.2151613235473633,0.9212584495544434,0.025372812524437904,0.3568419814109802,-0.3488084673881531,0.5902062654495239,-0.2350112795829773,0.13751217811834068
21800,1.2148858308792114,0.923553466796875,0.02581673488020897,0.36316534876823425,-0.3473026156425476,0.2136663794517517,-0.6093328595161438,0.13745895637199282
21900,1.210076928138733,0.9234761595726013,0.026257015764713287,0.3663945198059082,-0.3586186468601227,0.5937283039093018,-0.12225405871868134,0.13749281127005816
22000,1.2284706830978394,0.9175074696540833,0.023316413164138794,0.33590880036354065,-0.3357548117637634,0.4571966528892517,-0.35057833790779114,0.13751635374035687
22100,1.209536075592041,0.9257259964942932,0.026284536346793175,0.37114813923835754,-0.35629183053970337,0.21115455031394958,-0.5957754850387573,0.13768453048076482
22200,1.2207918167114258,0.9182928800582886,0.024651002138853073,0.34888410568237305,-0.345403254032135,0.17902831733226776,-0.6012017726898193,0.13720500635914504
22300,1.205558180809021,0.9270377159118652,0.026587089523673058,0.37841489911079407,-0.3623636066913605,0.1974320411682129,-0.599571704864502,0.13733400783967226
22400,1.2206199169158936,0.9230759143829346,0.024539344012737274,0.3469697833061218,-0.34655821323394775,0.22033706307411194,-0.5497894287109375,0.13734548012260347
22500,1.2196224927902222,0.9234811067581177,0.025127138942480087,0.3531216084957123,-0.34979453682899475,0.439200758934021,-0.20043158531188965,0.13740021022967994
22600,1.2050800323486328,0.9320208430290222,0.026443805545568466,0.37681809067726135,-0.36557647585868835,-0.02635866031050682,-0.6154645681381226,0.1373876923881471
22700,1.207367181777954,0.9291399121284485,0.026223022490739822,0.3718692660331726,-0.3651701509952545,0.5266402959823608,-0.2754720449447632,0.13743380297906696
22800,1.2064486742019653,0.934544563293457,0.026450371369719505,0.37603452801704407,-0.36878496408462524,0.47647935152053833,-0.30153965950012207,0.1375034184800461
22900,1.208650827407837,0.9320676326751709,0.026253603398799896,0.3746834397315979,-0.36393308639526367,0.1547394096851349,-0.6619776487350464,0.13748918251134457
23000,1.20918869972229,0.9321951866149902,0.02600536122918129,0.37040627002716064,-0.36579057574272156,0.19099116325378418,-0.593820333480835,0.13746823962777854
23100,1.2101061344146729,0.932316780090332,0.026032133027911186,0.3727401793003082,-0.3638068437576294,0.11365746706724167,-0.6000581383705139,0.13741884412709623
23200,1.1989859342575073,0.9403544664382935,0.026999518275260925,0.38813719153404236,-0.3827662467956543,0.4342123568058014,-0.489469975233078,0.1375145601388067
23300,1.204062581062317,0.9351205229759216,0.027298299595713615,0.3801541328430176,-0.374877005815506,0.9614260792732239,0.3126975893974304,0.13758539303205908
23400,1.1990211009979248,0.9398006200790405,0.02722850814461708,0.39199337363243103,-0.37813711166381836,0.8185300230979919,0.0836198553442955,0.13753028189763428
23500,1.211753249168396,0.9316279292106628,0.02530454657971859,0.3695555031299591,-0.36525020003318787,0.7305340766906738,-0.016474822536110878,0.13752038339152933
23600,1.195974588394165,0.9399927854537964,0.027590369805693626,0.3991255760192871,-0.3846249282360077,0.5520529747009277,-0.22498589754104614,0.13759625546168536
23700,1.1973938941955566,0.9456702470779419,0.027697786688804626,0.3952799439430237,-0.3816530406475067,0.48221060633659363,-0.3704897463321686,0.13759012653958053
23800,1.2077380418777466,0.9344361424446106,0.025885382667183876,0.37746119499206543,-0.37136396765708923,0.52300626039505,-0.3799145817756653,0.13759919468779117
23900,1.2008705139160156,0.9451562166213989,0.02713402919471264,0.3911837637424469,-0.381355345249176,-0.025273863226175308,-0.7616143822669983,0.1375776316411793
24000,1.199925184249878,0.9410370588302612,0.026914486661553383,0.38680216670036316,-0.38936886191368103,0.7741488218307495,-0.11543932557106018,0.13754940966609866
24100,1.1940879821777344,0.950753927230835,0.027859270572662354,0.40373191237449646,-0.3913792371749878,0.26343318819999695,-0.6400286555290222,0.13781238850671798
24200,1.192695140838623,0.9461978077888489,0.02834971807897091,0.4058079719543457,-0.3932809829711914,0.5400245189666748,-0.34677034616470337,0.1373294256767258
24300,1.1913448572158813,0.9480791091918945,0.028213152661919594,0.41353118419647217,-0.39208152890205383,-0.08670580387115479,-0.7740179896354675,0.13737524705007673
24400,1.200495719909668,0.9457833170890808,0.02637852355837822,0.3899651765823364,-0.3881654143333435,0.21119052171707153,-0.7074446678161621,0.1373367182025686
24500,1.2002891302108765,0.9436543583869934,0.02677171863615513,0.3872784674167633,-0.39221933484077454,0.7024142146110535,-0.17038363218307495,0.13746246257796885
24600,1.1884609460830688,0.950355052947998,0.028683118522167206,0.41557374596595764,-0.39925193786621094,0.6615233421325684,-0.29392117261886597,0.13751425295136868
24700,1.1932886838912964,0.951680600643158,0.027869950979948044,0.4070230722427368,-0.39570948481559753,0.1682126820087433,-0.7525777220726013,0.13756117539014667
24800,1.1902364492416382,0.9493178129196167,0.02784917503595352,0.40848684310913086,-0.40451574325561523,0.7305846214294434,-0.12496393918991089,0.1375107125984505
24900,1.1922638416290283,0.9550905227661133,0.028232775628566742,0.40878161787986755,-0.401003360748291,0.7251517176628113,-0.21161851286888123,0.13751226942054928
25000,1.1938354969024658,0.9524650573730469,0.027688542380928993,0.40875330567359924,-0.3942159116268158,0.437950998544693,-0.40494680404663086,0.13749936786014585
25100,1.1835594177246094,0.9587631821632385,0.028810670599341393,0.42017680406570435,-0.41158363223075867,0.7219949960708618,-0.2159091830253601,0.1374886950897053
25200,1.1858174800872803,0.9526956081390381,0.028805196285247803,0.4224798083305359,-0.4080997109413147,0.6668273210525513,-0.28207334876060486,0.1375971030490473
25300,1.1831223964691162,0.9642956256866455,0.02905523031949997,0.42937007546424866,-0.4121697247028351,0.15675334632396698,-0.7683537006378174,0.13755821011029185
25400,1.180554986000061,0.9594617486000061,0.02944319136440754,0.42921358346939087,-0.41975516080856323,0.6209877729415894,-0.40095698833465576,0.13759996792767196
25500,1.1818171739578247,0.9651288390159607,0.02977483719587326,0.4277052581310272,-0.42291831970214844,1.0163037776947021,0.27601876854896545,0.13754619261715562
25600,1.1843867301940918,0.966732919216156,0.028682759031653404,0.42482149600982666,-0.41571444272994995,0.264441579580307,-0.6904149055480957,0.13760938544757664
25700,1.1759752035140991,0.966332733631134,0.02997547574341297,0.44190433621406555,-0.4237070679664612,0.15528199076652527,-0.7728099822998047,0.1376116678491235
25800,1.1900925636291504,0.9565755724906921,0.02786737121641636,0.4120720326900482,-0.41134703159332275,0.3805506229400635,-0.5577090382575989,0.13758081022184343
25900,1.1924118995666504,0.9584469199180603,0.027707774192094803,0.4095173180103302,-0.4026384651660919,0.17750421166419983,-0.6306622624397278,0.13757493837270884
26000,1.172927975654602,0.9717931747436523,0.03014683723449707,0.4459022283554077,-0.43108054995536804,0.22701695561408997,-0.7396315336227417,0.1375417166016996
26100,1.1892459392547607,0.9635733366012573,0.029251201078295708,0.4331865906715393,-0.41856876015663147,0.18755529820919037,-0.2382088005542755,0.13782379526179284
26200,1.1738746166229248,0.9648465514183044,0.028573444113135338,0.4309466779232025,-0.42543283104896545,0.725499153137207,-0.2077343612909317,0.13730585233774037
26300,1.1735825538635254,0.978990375995636,0.030099524185061455,0.44607654213905334,-0.43977975845336914,0.6796903610229492,-0.27731236815452576,0.1374080531531945
26400,1.1652945280075073,0.9805635809898376,0.031409960240125656,0.46196189522743225,-0.4454730749130249,0.8001842498779297,-0.10617902874946594,0.13743691106792538
26500,1.1737302541732788,0.9753551483154297,0.029787059873342514,0.4469027519226074,-0.43747520446777344,0.8184587955474854,-0.06252609193325043,0.13748158006928862
26600,1.2034611701965332,0.9446593523025513,0.025654762983322144,0.39076894521713257,-0.38494840264320374,0.8270922303199768,-0.13824687898159027,0.1375275400094688
26700,1.163751482963562,0.9825090765953064,0.031519677489995956,0.4675719439983368,-0.4466819167137146,0.1412372887134552,-0.8554145097732544,0.13745980171021074
26800,1.1676267385482788,0.9784808158874512,0.03116915561258793,0.4575954079627991,-0.44586020708084106,0.19334399700164795,-0.7582461833953857,0.13751445458270609
26900,1.176447868347168,0.9783845543861389,0.029449841007590294,0.4403737783432007,-0.4380892217159271,0.7295389175415039,-0.2092706561088562,0.1375608378974721
27000,1.1686131954193115,0.981079638004303,0.03058735840022564,0.4589601755142212,-0.44383084774017334,0.5804120302200317,-0.465610146522522,0.13758847798220813
27100,1.1611040830612183,0.988109290599823,0.03160193935036659,0.47165578603744507,-0.4568983018398285,0.6111904978752136,-0.44830068945884705,0.13745922413188963
27200,1.1889454126358032,0.9631122350692749,0.02811519242823124,0.42323625087738037,-0.4176618754863739,0.7079452276229858,-0.24683335423469543,0.1375716912187636
27300,1.1580411195755005,0.9937210083007812,0.03162572160363197,0.47642210125923157,-0.45956292748451233,0.40690407156944275,-0.6396564245223999,0.13750337334815413
27400,1.1877992153167725,0.964686393737793,0.028785791248083115,0.42986807227134705,-0.4185066223144531,0.2476678043603897,-0.4422105848789215,0.13759351304732262
27500,1.161383867263794,0.9850785136222839,0.030207525938749313,0.4656752645969391,-0.45405811071395874,0.3398136496543884,-0.7394123673439026,0.13761204039212316
27600,1.1615351438522339,0.9920942187309265,0.03206835687160492,0.4719652533531189,-0.46133142709732056,0.29565954208374023,-0.7093905806541443,0.13758092247880996
27700,1.1757628917694092,0.983728289604187,0.031389422714710236,0.47409290075302124,-0.44050973653793335,-0.7460750937461853,-0.7920507788658142,0.13757203585933894
27800,1.1883270740509033,0.952419638633728,0.025852739810943604,0.3877587914466858,-0.4090087413787842,0.4253365397453308,-0.640060305595398,0.13765899739228188
27900,1.158581018447876,0.9937735795974731,0.03205810859799385,0.48119521141052246,-0.462750643491745,0.11487993597984314,-0.7999709248542786,0.13758789929095655
28000,1.154166579246521,0.9965025782585144,0.032324835658073425,0.48458242416381836,-0.47309255599975586,0.2092394232749939,-0.82536381483078,0.1376025097584352
28100,1.1649348735809326,0.9878145456314087,0.030763480812311172,0.46482935547828674,-0.46128401160240173,0.5816566944122314,-0.4731695055961609,0.13782283986918628
28200,1.1657084226608276,0.9874700903892517,0.02991064265370369,0.4682179391384125,-0.4532741904258728,0.49493804574012756,-0.5914206504821777,0.13728661227971314
28300,1.1534366607666016,0.9973713755607605,0.03267139568924904,0.4865760803222656,-0.47630175948143005,0.7778797149658203,-0.27428483963012695,0.13727862837258725
28400,1.1742193698883057,0.991466224193573,0.031691908836364746,0.47610726952552795,-0.4539458453655243,-0.08646248281002045,-0.2208530306816101,0.13737648038193584
28500,1.1604249477386475,0.9824979305267334,0.02854466624557972,0.44823503494262695,-0.4535643756389618,0.5713412165641785,-0.5453220009803772,0.13740858525037766
28600,1.1574710607528687,1.0006394386291504,0.031550150364637375,0.4850820302963257,-0.47074633836746216,0.21488510072231293,-0.8365730047225952,0.1374460032209754
28700,1.1445404291152954,1.0052196979522705,0.03312571346759796,0.5053923726081848,-0.4932875335216522,0.6938161849975586,-0.37350842356681824,0.1375045173568651
28800,1.1515506505966187,1.0030914545059204,0.03281885012984276,0.49569419026374817,-0.47826847434043884,0.22411665320396423,-0.831365168094635,0.13751043296884746
28900,1.1467978954315186,1.0033947229385376,0.03324996680021286,0.5011351704597473,-0.48813724517822266,0.41095638275146484,-0.7566148042678833,0.13756311744917185
29000,1.160950779914856,0.9968125224113464,0.03125246986746788,0.4742099940776825,-0.4742022454738617,0.8185532093048096,-0.15338566899299622,0.13762862123083322
29100,1.1586284637451172,0.999409019947052,0.030821187421679497,0.4831882119178772,-0.4659807085990906,0.30729299783706665,-0.8661511540412903,0.13743314964696765
29200,1.1433857679367065,1.0119166374206543,0.03373173996806145,0.5087190866470337,-0.49366217851638794,0.1518644094467163,-0.8514097929000854,0.13747585775796323
29300,1.14777672290802,1.0095140933990479,0.03328915685415268,0.5006029605865479,-0.4858645498752594,0.04168057441711426,-0.9459812641143799,0.1374989676196128
29400,1.1691575050354004,0.9934083223342896,0.031752653419971466,0.48435041308403015,-0.4647618234157562,0.10354737937450409,-0.10904063284397125,0.13751811692956836
29500,1.1563047170639038,0.993265688419342,0.029615214094519615,0.4627692699432373,-0.46670401096343994,0.7102781534194946,-0.4450047016143799,0.13754319078288973
29600,1.1365866661071777,1.024039387702942,0.03397997096180916,0.5248122811317444,-0.5062093734741211,0.5068069100379944,-0.693263828754425,0.13747908141929657
29700,1.1483851671218872,1.0063235759735107,0.031769752502441406,0.5016509294509888,-0.4913727939128876,0.7198643088340759,-0.36311155557632446,0.13756890763994306
29800,1.130757212638855,1.0276025533676147,0.03479493036866188,0.5340929627418518,-0.5184854865074158,0.7556093335151672,-0.3886449337005615,0.1374866429436952
29900,1.1340855360031128,1.0235308408737183,0.034600768238306046,0.5298882722854614,-0.5164394378662109,0.9260493516921997,-0.17777854204177856,0.13758240181952716
30000,1.1491270065307617,1.0120476484298706,0.032196350395679474,0.5047197341918945,-0.49210962653160095,0.4819946885108948,-0.7803954482078552,0.13753951426129787
30100,1.1359193325042725,1.0191470384597778,0.03451146185398102,0.5215682983398438,-0.5144298672676086,0.8482004404067993,-0.2889774441719055,0.1377218244317919
30200,1.1353821754455566,1.02545166015625,0.03451945632696152,0.5301797986030579,-0.5104804635047913,0.39512473344802856,-0.7474664449691772,0.13730976111255586
30300,1.1649489402770996,0.9937210083007812,0.02964533492922783,0.4714529812335968,-0.46552714705467224,0.49883219599723816,-0.7327849864959717,0.13736710464581847
30400,1.1338835954666138,1.0245918035507202,0.033946454524993896,0.5331796407699585,-0.5146254301071167,0.3213214874267578,-0.8941253423690796,0.1374011816410348
30500,1.1323983669281006,1.0275676250457764,0.034950628876686096,0.5308247208595276,-0.524067223072052,0.8236033916473389,0.0025580134242773056,0.13737753566820174
30600,1.1324833631515503,1.0298008918762207,0.034301452338695526,0.5338178277015686,-0.5165339708328247,0.5795332193374634,-0.5817850828170776,0.137306674211286
30700,1.1550204753875732,1.0065197944641113,0.031048588454723358,0.49178099632263184,-0.484564870595932,0.24902920424938202,-0.8793066143989563,0.1374487234512344
30800,1.133805513381958,1.0254331827163696,0.03379271924495697,0.5259998440742493,-0.5214463472366333,0.5888996720314026,-0.5807098746299744,0.13747822501696647
30900,1.1314915418624878,1.0315861701965332,0.03446868062019348,0.5365014672279358,-0.5221739411354065,0.6625937223434448,-0.5204718708992004,0.13748558005318046
31000,1.1617883443832397,1.004724383354187,0.030699077993631363,0.485672265291214,-0.47618532180786133,0.6197916269302368,-0.5541364550590515,0.137433289620094
31100,1.121848225593567,1.038198471069336,0.035395458340644836,0.5513221025466919,-0.5359438061714172,0.7781247496604919,-0.4523613452911377,0.13731662913225592
31200,1.1282541751861572,1.030071496963501,0.03500097617506981,0.5428299307823181,-0.52687007188797,0.8133122324943542,-0.45431163907051086,0.13741748610045762
31300,1.124761939048767,1.0384585857391357,0.035071976482868195,0.5536996126174927,-0.5289598107337952,0.13302132487297058,-0.8021520972251892,0.13745842648670079
31400,1.161863088607788,0.9998450875282288,0.030472006648778915,0.48181456327438354,-0.47320541739463806,0.36348265409469604,-0.8104598522186279,0.13745274359825999
31500,1.1265977621078491,1.0369136333465576,0.03511887416243553,0.5417277812957764,-0.5326016545295715,0.8252228498458862,-0.19547146558761597,0.13745162250008433
31600,1.1374001502990723,1.0304384231567383,0.03383965790271759,0.5277297496795654,-0.5144909024238586,0.20661485195159912,-0.9988787174224854,0.1374534311890602
31700,1.1208380460739136,1.039198398590088,0.036444488912820816,0.5529299974441528,-0.5443172454833984,0.777191162109375,-0.43984973430633545,0.13748462474904954
31800,1.1647462844848633,0.9978044033050537,0.030212122946977615,0.4718059003353119,-0.4702162444591522,0.7735354900360107,-0.4764786958694458,0.137552442997694
31900,1.1205328702926636,1.0393227338790894,0.036101438105106354,0.5566246509552002,-0.5406379103660583,0.8081958293914795,-0.33213770389556885,0.13747976671904324
32000,1.1513068675994873,1.0154309272766113,0.031836505979299545,0.5057374238967896,-0.4917895495891571,0.2931928336620331,-0.8844232559204102,0.13747870181687177
32100,1.1253283023834229,1.0308016538619995,0.035537317395210266,0.5477533340454102,-0.5372301936149597,0.7982295751571655,-0.5190577507019043,0.13802199453115463
32200,1.1296889781951904,1.0376877784729004,0.03479834273457527,0.5433026552200317,-0.5306459069252014,0.20203056931495667,-0.9559049606323242,0.13731434604153037
32300,1.1394314765930176,1.0213755369186401,0.03353285416960716,0.5206742882728577,-0.5166467428207397,0.7942023873329163,-0.21221253275871277,0.13736781617160887
32400,1.1294100284576416,1.0358402729034424,0.0343412384390831,0.5408399701118469,-0.5238451361656189,0.6483587026596069,-0.6696006655693054,0.13738232214935123
32500,1.1199761629104614,1.043359637260437,0.036294639110565186,0.5609034299850464,-0.5437621474266052,0.46016591787338257,-0.8348655700683594,0.13737037317827344
32600,1.151118278503418,1.0150871276855469,0.031648848205804825,0.5055266618728638,-0.49308061599731445,0.3750230073928833,-0.93182373046875,0.13750986609142274
32700,1.1156526803970337,1.0432989597320557,0.03655320033431053,0.5630155205726624,-0.5522894263267517,0.90287184715271,-0.43747493624687195,0.1374989731097594
32800,1.11798095703125,1.053062915802002,0.03694556653499603,0.5672070384025574,-0.5471600890159607,0.12555144727230072,-0.9524385333061218,0.13752185024321079
32900,1.1503307819366455,1.015838623046875,0.03129489719867706,0.5010166168212891,-0.49846506118774414,0.8860018849372864,-0.41003456711769104,0.13752778799273074
33000,1.109644889831543,1.05425226688385,0.0371701754629612,0.5801244974136353,-0.5624861121177673,0.9520822763442993,-0.41812288761138916,0.1375050126714632
33100,1.1583514213562012,1.0024694204330444,0.030249932780861855,0.4880412817001343,-0.47635766863822937,0.8439692258834839,-0.46491289138793945,0.13744960207026452
33200,1.108946681022644,1.0518486499786377,0.037396542727947235,0.5794021487236023,-0.5674183964729309,0.9229578971862793,-0.160568505525589,0.13753139407839626
33300,1.1230863332748413,1.0384892225265503,0.03508033975958824,0.5565540790557861,-0.5426647663116455,0.8436719179153442,-0.3576142489910126,0.13756603321060537
33400,1.1218606233596802,1.048475742340088,0.035533495247364044,0.5602959394454956,-0.5471181273460388,0.630752444267273,-0.5857875347137451,0.13753713918384164
33500,1.1081433296203613,1.0584523677825928,0.037105873227119446,0.5806674957275391,-0.5670213103294373,0.9037899971008301,-0.3584418296813965,0.13762215544935316
33600,1.1295088529586792,1.037302851676941,0.034331344068050385,0.5497992634773254,-0.5339223742485046,0.5583930015563965,-0.7037341594696045,0.13758714409079403
33700,1.104472279548645,1.0606510639190674,0.03761656582355499,0.5888502597808838,-0.5754826664924622,0.5937448143959045,-0.7107653021812439,0.13756111558061093
33800,1.1166821718215942,1.0564899444580078,0.03529306501150131,0.5710124373435974,-0.555278480052948,0.30795931816101074,-0.9932041764259338,0.1375978442374617
33900,1.1054884195327759,1.0619863271713257,0.037929780781269073,0.5873832702636719,-0.5739847421646118,0.3938411474227905,-0.9348244667053223,0.13762253175955266
34000,1.109498143196106,1.0606346130371094,0.03670423850417137,0.583247721195221,-0.5654751658439636,0.5540910959243774,-0.8842065334320068,0.1375195941887796
34100,1.147527813911438,1.0216054916381836,0.031824495643377304,0.5219418406486511,-0.5046270489692688,0.36888962984085083,-1.0212862491607666,0.13770731750875712
34200,1.0999292135238647,1.0656770467758179,0.03797578811645508,0.597222089767456,-0.5832561254501343,0.5070493817329407,-0.9072226285934448,0.13725152779836208
34300,1.1159323453903198,1.0558618307113647,0.036254819482564926,0.5725447535514832,-0.5637577176094055,0.5192702412605286,-0.932283878326416,0.13735474318731578
34400,1.0951423645019531,1.0667451620101929,0.0378800705075264,0.6053330898284912,-0.5923900008201599,0.8377074003219604,-0.48536568880081177,0.13743588897865266
34500,1.1058790683746338,1.0641745328903198,0.0365854911506176,0.5936592817306519,-0.5777363181114197,0.8217086791992188,-0.5547652840614319,0.1373984900582582
34600,1.0995748043060303,1.0686267614364624,0.03775249794125557,0.604239284992218,-0.5856209993362427,0.4797448515892029,-0.8994539380073547,0.13754067744128406
34700,1.135725975036621,1.035217523574829,0.03364422544836998,0.5374249815940857,-0.5299017429351807,0.7871972322463989,-0.4760708808898926,0.13751404506154358
34800,1.0932486057281494,1.0730949640274048,0.03804388269782066,0.6141545176506042,-0.5935843586921692,0.5464011430740356,-0.9453929662704468,0.13748935854062438
34900,1.123132348060608,1.0489752292633057,0.03488728031516075,0.5566635131835938,-0.55567467212677,1.0208064317703247,-0.2871582508087158,0.1375068553397432
35000,1.1056972742080688,1.0670393705368042,0.03725731372833252,0.5948958992958069,-0.5750740766525269,0.8473420143127441,-0.5851810574531555,0.1375474036904052
35100,1.0906498432159424,1.0814411640167236,0.03856445103883743,0.617716372013092,-0.6020825505256653,0.7840735912322998,-0.6360467672348022,0.13747726398985832
35200,1.112489104270935,1.0618525743484497,0.03620528802275658,0.587396502494812,-0.5707595944404602,-0.04385415092110634,-1.203436017036438,0.1375189107004553
35300,1.0876972675323486,1.0759724378585815,0.03867387771606445,0.6197163462638855,-0.6089661717414856,0.5892951488494873,-0.9144904017448425,0.13754616416059434
35400,1.0977180004119873,1.068079948425293,0.03815247863531113,0.6060158610343933,-0.5937487483024597,0.9892863035202026,-0.3354489207267761,0.13750504733994603
35500,1.1185544729232788,1.0577937364578247,0.03475965932011604,0.5750438570976257,-0.5602464079856873,0.9287352561950684,-0.4747014343738556,0.1375242831138894
35600,1.0859516859054565,1.0889395475387573,0.038743067532777786,0.632132351398468,-0.6107752323150635,0.5650349855422974,-0.8355700373649597,0.13756366416346283
35700,1.1048529148101807,1.0714279413223267,0.037062693387269974,0.5952990055084229,-0.5891148447990417,0.9764724373817444,-0.4028462767601013,0.13753543006721883
35800,1.0842376947402954,1.0881303548812866,0.03936000540852547,0.6335702538490295,-0.6123327016830444,0.33385348320007324,-1.0179070234298706,0.13755100416019558
35900,1.092919945716858,1.081468105316162,0.03817327320575714,0.6168839335441589,-0.6020843982696533,0.9415566325187683,-0.4251047372817993,0.13754736863076686
36000,1.116062879562378,1.0643562078475952,0.03464291989803314,0.5742062926292419,-0.5643438100814819,0.821385383605957,-0.7089534997940063,0.13761625004932285
36100,1.0825402736663818,1.0953319072723389,0.04006614163517952,0.637931227684021,-0.6214614510536194,0.3627125024795532,-0.8991383910179138,0.13786137210205196
36200,1.0775580406188965,1.0943517684936523,0.03977321833372116,0.6471858620643616,-0.6318370699882507,0.8922179937362671,-0.5417885780334473,0.13730257018003614
36300,1.0948196649551392,1.076639175415039,0.0377989336848259,0.6193780303001404,-0.6029666066169739,0.9913663864135742,-0.2525731027126312,0.13734515144955367
36400,1.0787463188171387,1.0968986749649048,0.03950689360499382,0.6506678462028503,-0.6251811981201172,0.4776139259338379,-0.8917574882507324,0.13736214871052652
36500,1.0823339223861694,1.086658000946045,0.03980901837348938,0.6329711675643921,-0.6253181099891663,0.9488935470581055,-0.36672577261924744,0.1374370062816888
36600,1.112919569015503,1.0689829587936401,0.03477199375629425,0.5895456075668335,-0.5672451853752136,0.502129077911377,-1.1141246557235718,0.1374153685895726
36700,1.0855940580368042,1.089566707611084,0.03913676366209984,0.634998083114624,-0.6202453374862671,0.9962151050567627,-0.5840787291526794,0.13739573157392443
36800,1.0728563070297241,1.1033855676651,0.04051760956645012,0.6547024250030518,-0.639392077922821,1.0140776634216309,-0.46126890182495117,0.13735061523038894
36900,1.0881218910217285,1.0907697677612305,0.03806387260556221,0.6312588453292847,-0.6170585751533508,0.6900667548179626,-0.6595600843429565,0.13740860117133707
37000,1.089322566986084,1.0906085968017578,0.038544028997421265,0.6327064037322998,-0.613689661026001,0.6758842468261719,-0.804074764251709,0.13747583019081502
37100,1.079190731048584,1.0958188772201538,0.03950146585702896,0.6456465125083923,-0.63066166639328,0.9149010181427002,-0.6209547519683838,0.1373735924391076
37200,1.0902701616287231,1.0904278755187988,0.037785425782203674,0.6333388090133667,-0.6149800419807434,0.7523373961448669,-0.6802318096160889,0.1374120536679402
37300,1.0647867918014526,1.1174272298812866,0.04083721712231636,0.6664085388183594,-0.655712902545929,0.9634000062942505,-0.6629433035850525,0.13742177176754922
37400,1.0806903839111328,1.1020995378494263,0.038712866604328156,0.6481512188911438,-0.6289806962013245,0.3878992795944214,-1.1280910968780518,0.13743334122002124
37500,1.0731325149536133,1.1040982007980347,0.04046579450368881,0.6554261445999146,-0.642379641532898,0.9106959700584412,-0.6476263999938965,0.13750614292919636
37600,1.0768349170684814,1.1027058362960815,0.03908511623740196,0.6576937437057495,-0.6352373957633972,0.3436850905418396,-1.1403677463531494,0.137395480228588
37700,1.080443263053894,1.0971390008926392,0.03853326663374901,0.6453534364700317,-0.6359996199607849,0.8159987926483154,-0.785236656665802,0.1374235870782286
37800,1.0747483968734741,1.1013292074203491,0.04012276232242584,0.6561844348907471,-0.6396125555038452,0.7664847373962402,-0.8148801326751709,0.13741119667887688
37900,1.0751023292541504,1.1024609804153442,0.03931869938969612,0.6567987203598022,-0.640997052192688,0.8969237804412842,-0.5896528959274292,0.13744632625021042
38000,1.0735340118408203,1.1030848026275635,0.03988506272435188,0.6591286063194275,-0.6428295969963074,1.037198543548584,-0.4115111231803894,0.13739696331787854
38100,1.0669689178466797,1.1152912378311157,0.0407717227935791,0.6724263429641724,-0.6506620645523071,0.23560824990272522,-1.0673856735229492,0.13776463662274183
38200,1.084395170211792,1.1015866994857788,0.03784354403614998,0.6420518159866333,-0.6296809315681458,0.5330871343612671,-0.9023842215538025,0.1371809248626232
38300,1.0618326663970947,1.1205531358718872,0.040687642991542816,0.683049738407135,-0.6621914505958557,0.552842378616333,-0.9479479193687439,0.13731755629181863
38400,1.076938271522522,1.1064510345458984,0.03951481357216835,0.6570075750350952,-0.64638751745224,0.8672996759414673,-0.45397239923477173,0.13739150044973938
38500,1.0552117824554443,1.1244091987609863,0.0410521924495697,0.6983670592308044,-0.6679402589797974,0.3252154588699341,-1.2497129440307617,0.13743959649000317
38600,1.0637024641036987,1.116223931312561,0.04083022102713585,0.6774695515632629,-0.6625292301177979,0.5235863924026489,-1.0593295097351074,0.13739257385954262
38700,1.0701872110366821,1.114783525466919,0.03991570696234703,0.6726786494255066,-0.6527923345565796,0.5436118841171265,-1.0036154985427856,0.13742567331064492
38800,1.0666580200195312,1.1198012828826904,0.040183175355196,0.6758826971054077,-0.6656501889228821,0.8542977571487427,-0.75245600938797,0.1374681625002995
38900,1.064145565032959,1.1184639930725098,0.040361084043979645,0.6799166202545166,-0.6611552238464355,0.6247280836105347,-0.9661779403686523,0.13749522991012783
39000,1.0511096715927124,1.1324126720428467,0.042202748358249664,0.6986149549484253,-0.6854352355003357,0.6697766184806824,-0.958538830280304,0.13755339578725398
39100,1.0767627954483032,1.1076472997665405,0.03829542174935341,0.6579350829124451,-0.642577588558197,0.890128493309021,-0.6088219285011292,0.13745718616992236
39200,1.0541560649871826,1.130727767944336,0.041717398911714554,0.6988029479980469,-0.6779254674911499,0.660568356513977,-1.0152778625488281,0.13753018835093825
39300,1.0664938688278198,1.12041437625885,0.03998255357146263,0.6776817440986633,-0.6630473136901855,0.8146530389785767,-0.822021484375,0.13757596833165736
39400,1.0752017498016357,1.1162892580032349,0.03845958784222603,0.6676065921783447,-0.646239161491394,0.48743510246276855,-1.095956802368164,0.13755945928860455
39500,1.0487771034240723,1.1312434673309326,0.042076148092746735,0.7056702971458435,-0.6923866868019104,0.5185375213623047,-0.9723125100135803,0.13754757855087518
39600,1.05368173122406,1.1329855918884277,0.041441526263952255,0.701671302318573,-0.6816644668579102,0.5045144557952881,-1.0527024269104004,0.1375502657983452
39700,1.0558725595474243,1.1238023042678833,0.04082639515399933,0.6960518956184387,-0.6767592430114746,0.8855617046356201,-0.8065998554229736,0.1375904252193868
39800,1.0707359313964844,1.122540831565857,0.039817798882722855,0.6812859177589417,-0.6635653376579285,0.5776568055152893,-0.856349766254425,0.13756899733096362
39900,1.043103575706482,1.1356171369552612,0.04187827557325363,0.7116292119026184,-0.6977618932723999,0.9810267090797424,-0.5514670014381409,0.1375588556472212
40000,1.0521819591522217,1.1353564262390137,0.04185126721858978,0.7043318152427673,-0.6856199502944946,0.9864770174026489,-0.618937611579895,0.13750814078375698
